"","Estimate","Est.Error","Q2.5","Q97.5"
"r_predind:sizind[1_1,Intercept]",0.319216500857007,0.80207508915096,-0.865134925,2.4062155
"r_predind:sizind[1_2,Intercept]",0.536387730441775,0.823959569696215,-0.55680375,2.738681
"r_predind:sizind[2_1,Intercept]",0.098773748887745,0.626503493798405,-1.38899075,1.377765
"r_predind:sizind[2_2,Intercept]",-0.43022585867535,0.662677684628069,-2.119188,0.583685275
